transaction_id,account_id,transaction_type,amount,timestamp,description,merchant_name
7296051d-dd55-407b-bdda-0a55be0a907d,58ec007f-73f8-47dc-a722-0dbd665bbbe9,Transfer,4633.32,2025-10-07 01:19:24.986705,Still hotel information.,
b694a9e8-a3fb-4a3f-b6bb-3dc8c7e50eb4,1e721461-0685-4449-8d1b-8f13720baa7f,Withdrawal,-760.79,2025-07-22 14:02:41.208193,Art energy.,"Simpson, Rios and Molina"
6407e375-ef37-404f-b17b-9182af18684d,1e721461-0685-4449-8d1b-8f13720baa7f,Deposit,3196.49,2025-10-14 01:46:17.934832,Century stop Democrat.,
3b52dbc3-93e2-420e-b4d3-78e9133be0b2,1e721461-0685-4449-8d1b-8f13720baa7f,Transfer,688.07,2025-11-26 04:12:43.460096,Success still after glass.,
1b6d5ca4-74df-45c5-b708-a3222c2a6bc1,1e721461-0685-4449-8d1b-8f13720baa7f,Withdrawal,-685.91,2025-04-13 04:47:44.806663,Federal those central.,Stevens PLC
b3353f2a-c8dd-4443-9e3b-705bf4bb3beb,1e721461-0685-4449-8d1b-8f13720baa7f,Deposit,3968.69,2025-11-30 11:51:01.378287,Tv eye contain.,
dd575534-ee72-4579-a8b9-48e380d763e8,8f7f85b9-73fa-4696-99e8-d35867e2098d,Deposit,4294.21,2025-03-21 19:16:39.076206,Trip.,
0be19364-0ff8-4052-ac8e-f6e241aad540,8f7f85b9-73fa-4696-99e8-d35867e2098d,Fee,-21.14,2025-05-27 17:52:54.128644,Yet thank nearly.,
457ce948-2853-407e-9ef3-f185194c5205,8f7f85b9-73fa-4696-99e8-d35867e2098d,Fee,-15.86,2025-10-28 19:27:47.762307,Laugh hour.,
4c0817fc-add0-4564-aced-5b44d62f3fd3,8f7f85b9-73fa-4696-99e8-d35867e2098d,Payment,-628.52,2025-05-23 04:29:50.204806,Energy the.,Nguyen Ltd
96b9a1b4-2498-4f3e-aa52-0bd95419ff46,8f7f85b9-73fa-4696-99e8-d35867e2098d,Fee,-34.86,2025-10-02 10:46:50.267910,Other human.,
0bdf4855-19ec-4b92-9b53-222af64f73c3,1498513c-edba-43bb-8844-455e0158246c,Payment,-864.85,2025-09-27 19:31:50.738333,Prove begin program bar.,"Bruce, Smith and Huffman"
4a07a350-cf72-4edc-b94f-314575f1d437,1498513c-edba-43bb-8844-455e0158246c,Payment,-482.64,2025-05-26 08:17:31.368189,Former strong toward.,"Martin, Stafford and Dodson"
9a2378c2-2268-432f-9897-f338651bdf3e,1498513c-edba-43bb-8844-455e0158246c,Deposit,277.51,2025-05-31 21:42:44.864501,Natural medical statement.,
44f8e82c-7ea7-4aef-83d2-21f3728d64c0,1498513c-edba-43bb-8844-455e0158246c,Payment,-819.65,2025-05-28 17:53:04.166784,Sing education north.,"Becker, Elliott and Ramirez"
4b014c3c-8c77-44c6-88da-9bf0f17ddfc2,1498513c-edba-43bb-8844-455e0158246c,Withdrawal,-752.13,2025-04-27 05:51:47.699050,Compare pretty you.,"Mccann, George and Hughes"
a0f378f4-afa6-457e-9ba1-0495fe3a104a,1498513c-edba-43bb-8844-455e0158246c,Withdrawal,-960.01,2025-02-23 03:05:19.120245,Seem alone.,"Peterson, Rice and Walker"
7998db31-3ea0-4931-820b-b3c1d8c94d62,1498513c-edba-43bb-8844-455e0158246c,Transfer,1857.66,2025-01-13 17:12:59.909641,Of cultural go.,
7b8bada3-fac0-4639-a7f4-a35e4ebd0872,1498513c-edba-43bb-8844-455e0158246c,Fee,-17.27,2025-08-03 10:05:38.288162,Upon majority.,
8a725519-92b1-4b82-ba89-69c7d16fc143,1498513c-edba-43bb-8844-455e0158246c,Withdrawal,-983.1,2025-09-02 02:40:22.059054,Theory spring wife.,Gray LLC
c995727e-639b-473f-8b2c-17757e28c9a6,1498513c-edba-43bb-8844-455e0158246c,Transfer,4283.15,2025-04-03 15:19:41.438683,Yes body.,
5b7654a6-6246-4ff6-a88a-5b4e50014025,1498513c-edba-43bb-8844-455e0158246c,Withdrawal,-291.68,2025-06-19 13:01:25.875779,Interesting whether.,"Boyd, Monroe and Jones"
9feaa8c5-5bcd-479d-9401-15d2c45c0bc4,1498513c-edba-43bb-8844-455e0158246c,Withdrawal,-943.48,2025-04-05 22:48:52.963606,Good fish.,"Jackson, Drake and Moore"
ff29cda2-563d-4974-b32a-b9593bcc9080,1498513c-edba-43bb-8844-455e0158246c,Transfer,3407.22,2025-10-30 18:29:24.219383,Send red piece.,
7ec48e62-ef03-4f5f-89f4-068812f6df3b,1498513c-edba-43bb-8844-455e0158246c,Deposit,4731.28,2025-09-07 07:18:29.312016,Blood popular.,
6247316d-0c31-41e3-b85e-9b39218da117,1498513c-edba-43bb-8844-455e0158246c,Transfer,4720.42,2025-10-21 16:14:32.463986,Few author fill book.,
61f67190-e10b-45d3-8b18-8d5d5b62adef,e3d34c5d-b396-47e0-aa43-86f687b2f67a,Withdrawal,-871.0,2025-10-29 07:54:29.819315,Nice product.,"Mckinney, James and Lester"
0d66df1e-9073-4dbe-bd31-599539723dd1,e3d34c5d-b396-47e0-aa43-86f687b2f67a,Withdrawal,-833.55,2025-09-19 10:11:09.289577,Road discussion water.,Savage-Leblanc
3f233ae4-fa26-4f97-9291-d746dec4b52b,e3d34c5d-b396-47e0-aa43-86f687b2f67a,Payment,-420.9,2025-10-29 07:04:34.785287,Detail capital represent enter.,Wright LLC
f32931f5-6527-44b5-a12e-428483a2e29e,e3d34c5d-b396-47e0-aa43-86f687b2f67a,Payment,-663.85,2025-11-08 23:45:57.300180,Usually approach bit.,Hogan-West
9d47f9c2-eb5e-4b29-a356-fe1b6a6e6048,e3d34c5d-b396-47e0-aa43-86f687b2f67a,Payment,-46.64,2025-06-12 17:48:14.336611,As give.,Brown PLC
150cfed9-4cb8-48e6-b304-15bcaf1c2506,e3d34c5d-b396-47e0-aa43-86f687b2f67a,Fee,-20.78,2025-05-09 06:46:18.105245,Song test.,
a3ba5569-b0c3-4f80-8d8f-caf4a78fa71a,e3d34c5d-b396-47e0-aa43-86f687b2f67a,Deposit,4273.7,2025-09-07 03:48:20.604003,Sport central.,
9024a747-de43-4a4e-ad07-6f48d2e71fbf,e3d34c5d-b396-47e0-aa43-86f687b2f67a,Fee,-21.0,2025-03-12 04:58:01.699000,Suffer traditional effort.,
68409fbb-d2ee-4121-8f92-bed6f5591c43,e3d34c5d-b396-47e0-aa43-86f687b2f67a,Fee,-19.85,2025-04-02 21:43:57.288068,Door draw player.,
440cf01c-7add-47c2-af0a-95fa8ccc5144,24d56ee9-2d37-49ea-a44b-876f64b3552b,Deposit,135.79,2024-12-24 10:54:02.344914,Nation able hear.,
97f61775-950b-4d96-b0d6-be83d1afce4f,24d56ee9-2d37-49ea-a44b-876f64b3552b,Deposit,442.86,2025-07-29 20:37:07.570291,Light police laugh.,
c0d545ea-31e8-4f01-af4c-9b30addd6f1b,24d56ee9-2d37-49ea-a44b-876f64b3552b,Deposit,369.92,2025-08-08 03:01:09.670276,Apply middle physical.,
a9ca27a7-9dea-4459-8080-cf2c8a61ca32,24d56ee9-2d37-49ea-a44b-876f64b3552b,Deposit,4456.65,2025-11-23 10:44:50.839954,Poor painting according.,
69bba258-dc28-4003-96d9-2029fd30cc1c,24d56ee9-2d37-49ea-a44b-876f64b3552b,Fee,-35.2,2025-05-03 17:39:22.859815,Image three nor.,
4d59afe7-3826-4d18-9512-d69115693144,24d56ee9-2d37-49ea-a44b-876f64b3552b,Payment,-253.63,2025-02-24 01:05:29.545687,Behind business model.,"Lawson, Jones and King"
04658807-d5a1-4752-b2c8-87b81c25b418,24d56ee9-2d37-49ea-a44b-876f64b3552b,Fee,-27.28,2025-01-15 05:17:51.425713,Possible believe.,
d1b43013-3cbd-499a-88a6-ae9bcd7ec625,24d56ee9-2d37-49ea-a44b-876f64b3552b,Deposit,3093.44,2025-02-26 19:30:46.657490,Wall film hundred.,
ec28fa4c-1bc9-42d7-9641-315291b58770,24d56ee9-2d37-49ea-a44b-876f64b3552b,Payment,-198.9,2025-05-11 11:29:15.297946,Clearly public rise.,"Nguyen, Bradford and Ayers"
2a4878d7-02de-45be-9471-d6cab87f79ff,24d56ee9-2d37-49ea-a44b-876f64b3552b,Payment,-346.3,2025-03-29 11:06:25.179339,Despite easy usually.,"Gonzales, Smith and Myers"
12031eb1-ab7b-4751-83b8-743f0751424f,24d56ee9-2d37-49ea-a44b-876f64b3552b,Transfer,3300.04,2025-11-01 13:53:11.934408,Spend from.,
f6651b80-752d-4f2f-b393-c77cad0aa83b,24d56ee9-2d37-49ea-a44b-876f64b3552b,Fee,-27.26,2025-09-26 05:45:54.038564,Other black.,
efbb6e5e-5eec-444a-886d-aadaa6bd48f2,24d56ee9-2d37-49ea-a44b-876f64b3552b,Transfer,3673.3,2025-03-05 05:50:55.487149,Will nature.,
30a13be2-0288-4ffd-9cf5-aeba43259e6b,24d56ee9-2d37-49ea-a44b-876f64b3552b,Fee,-36.15,2025-10-04 17:51:59.925311,Hotel arm serious thank.,
f5785f4e-7d21-4dc5-a4b0-95ea721fff82,24d56ee9-2d37-49ea-a44b-876f64b3552b,Payment,-53.79,2025-04-04 12:59:38.767610,Situation.,Reed Ltd
e8f7b166-35f8-445a-a807-543c5bf5a703,9c339ce4-6119-47f7-8408-81d7926735c6,Payment,-585.4,2025-09-09 06:51:32.240957,Part past.,Flores-Bowen
077baac3-dcb8-48ed-be24-bf0fb825855a,9c339ce4-6119-47f7-8408-81d7926735c6,Transfer,2805.54,2025-10-23 12:42:55.234716,World lot.,
b067cb03-41de-4d0e-92f0-4e966fad9b3c,9c339ce4-6119-47f7-8408-81d7926735c6,Deposit,426.15,2025-07-27 09:51:16.371056,Member million.,
53d2f102-1268-4eb3-b805-f8b3c56733f7,9c339ce4-6119-47f7-8408-81d7926735c6,Payment,-959.9,2025-11-30 02:26:16.657776,Full and.,"Baker, Brown and Walsh"
2456f3d3-29ec-4fcc-aab3-9167e0e665ee,9c339ce4-6119-47f7-8408-81d7926735c6,Withdrawal,-48.13,2025-07-31 13:33:54.841108,Own.,Sanchez Group
6e6dcaa6-285e-4ab7-a6b5-0af00255af56,9c339ce4-6119-47f7-8408-81d7926735c6,Deposit,3904.78,2024-12-07 01:37:39.749092,Wait fear.,
f7f7b9b7-8e92-4b12-91f9-07ab69297f24,9c339ce4-6119-47f7-8408-81d7926735c6,Payment,-769.73,2025-04-02 09:51:45.684185,Possible nearly choice.,Smith-Berger
5df04178-1735-414c-8623-fce4244fd093,b557905c-23e0-48d9-8497-66a8e596c624,Transfer,2390.25,2025-02-25 05:23:36.510141,Result movement eat.,
ba496615-d209-446b-af5b-b8ce39039c39,b557905c-23e0-48d9-8497-66a8e596c624,Transfer,2321.65,2025-11-21 14:53:06.236323,Seek.,
601fe6ed-68fe-4099-b2fe-f5ad18abefb1,b557905c-23e0-48d9-8497-66a8e596c624,Payment,-467.18,2025-04-21 17:27:44.535507,Somebody pay at.,Roberts-Snow
5905369b-360d-4e1c-b597-49451c673197,b557905c-23e0-48d9-8497-66a8e596c624,Deposit,2927.73,2025-08-20 06:03:25.228880,Conference teacher.,
b4d7f052-b719-4c7d-a54d-66c2246126da,b557905c-23e0-48d9-8497-66a8e596c624,Withdrawal,-252.21,2025-11-14 08:53:50.419796,Record child.,Lloyd-Ward
78555a1f-4466-4433-bd27-7e1bbe6c4a91,b557905c-23e0-48d9-8497-66a8e596c624,Payment,-609.9,2025-03-10 13:13:00.474455,After do will.,Martin-Rodriguez
6aca8885-694d-410a-832c-12fec7e94016,b557905c-23e0-48d9-8497-66a8e596c624,Fee,-36.04,2025-10-01 14:05:53.957099,Case see fine.,
8c2e4937-7143-4194-9b2a-30af362f3c1e,b557905c-23e0-48d9-8497-66a8e596c624,Fee,-29.31,2025-09-18 10:08:59.044230,State friend.,
39b7492c-7a2f-4096-94fd-352dd179827e,b778a2ba-1dab-475b-80ef-57c20d8fec78,Transfer,3048.61,2025-06-30 11:16:43.656048,Reality can.,
6c5c388e-554b-45ed-8d4d-a0397f8e7bb8,b778a2ba-1dab-475b-80ef-57c20d8fec78,Fee,-43.92,2025-04-06 16:59:02.548626,While.,
05e91597-5e99-4bfd-b260-9c91968e17e3,b778a2ba-1dab-475b-80ef-57c20d8fec78,Payment,-428.56,2025-07-22 21:16:40.693111,Mother direction action.,Carpenter Inc
5226f1df-db13-4d71-a0bf-f53e8b799074,b778a2ba-1dab-475b-80ef-57c20d8fec78,Withdrawal,-152.61,2025-06-09 23:35:55.542372,Because yeah.,Walter-Williams
17bedc1f-f20a-4998-8edd-e2180956e4a9,b778a2ba-1dab-475b-80ef-57c20d8fec78,Payment,-900.62,2025-11-13 10:46:02.577590,Sing pick.,Campbell-Williams
e16ecd91-bd8b-4e53-b3fc-0491a3b50359,b778a2ba-1dab-475b-80ef-57c20d8fec78,Fee,-8.4,2025-09-08 05:39:41.073705,Edge benefit.,
479d74df-92a3-4cb7-beb1-387ff3b3e9bf,1e3b4b59-b114-4a17-8676-a02f75ca612f,Deposit,1125.88,2025-10-16 09:08:02.238009,Inside bad however.,
675a3d69-f96b-4ad4-a314-79c94d669575,1e3b4b59-b114-4a17-8676-a02f75ca612f,Fee,-11.77,2025-08-24 15:25:08.757916,Close moment economic.,
2b2a7f7f-ac1e-4ad2-894b-4ee93062842d,1e3b4b59-b114-4a17-8676-a02f75ca612f,Payment,-660.11,2025-03-14 12:54:49.844362,Seven involve.,Conner-Lang
bc819d02-5a19-434c-bc74-360f57b34821,1e3b4b59-b114-4a17-8676-a02f75ca612f,Withdrawal,-576.96,2025-10-21 14:05:44.926175,Week sister local.,Nguyen-Sanders
efe123f6-970c-4613-8170-71b49e05be58,1e3b4b59-b114-4a17-8676-a02f75ca612f,Transfer,2083.84,2025-04-24 18:52:16.382205,Someone.,
41c99c45-b290-40dc-afd5-b234d8d784a5,1e3b4b59-b114-4a17-8676-a02f75ca612f,Deposit,3242.43,2025-04-01 23:23:55.269581,Drive in.,
aed4ebbc-452d-4e85-a838-df89ec0b4cff,1e3b4b59-b114-4a17-8676-a02f75ca612f,Fee,-48.26,2025-05-12 11:32:42.187677,Administration audience.,
877203cb-ff81-427c-9a87-3005c6e0d25c,1e3b4b59-b114-4a17-8676-a02f75ca612f,Payment,-125.56,2025-10-05 21:39:01.128891,Really window.,Lewis Inc
4cf8441a-e65c-4f79-9e05-d81cc7d90ab4,1e3b4b59-b114-4a17-8676-a02f75ca612f,Deposit,1848.08,2025-02-01 04:44:10.598019,According right executive.,
0dad0648-e06e-4017-9999-d2c5480d3916,1e3b4b59-b114-4a17-8676-a02f75ca612f,Withdrawal,-252.0,2025-07-08 22:05:24.025896,Dinner lead.,Johnson-Wheeler
992245b9-fec1-4943-a3b0-ae55ac2a0751,c3ff4016-7d0b-46f6-bd88-128e61b5feb7,Fee,-8.59,2025-07-16 11:34:31.465134,Her method.,
44b1601d-b7c6-452a-90e3-3b7ebcb890a1,c3ff4016-7d0b-46f6-bd88-128e61b5feb7,Transfer,1035.78,2025-05-04 00:38:54.514584,Charge perhaps hundred.,
f877b723-e99c-457c-b90e-c5300d8299b8,c3ff4016-7d0b-46f6-bd88-128e61b5feb7,Deposit,1869.9,2025-05-25 04:00:24.866945,His statement.,
e5eb7deb-64f0-41fc-aa9b-707ea9aa4ea9,c3ff4016-7d0b-46f6-bd88-128e61b5feb7,Transfer,810.21,2025-06-18 20:21:39.341918,Not scene.,
04045678-2099-402b-968c-6afb28ea3d05,c3ff4016-7d0b-46f6-bd88-128e61b5feb7,Withdrawal,-134.37,2025-12-05 11:55:47.925601,Hospital program.,Bond Ltd
5e82d561-c621-4f46-b0c2-444665c0c3ff,c3ff4016-7d0b-46f6-bd88-128e61b5feb7,Withdrawal,-576.25,2025-09-28 12:03:16.405908,Most style market.,Williams Inc
db1b307e-df66-4e46-b27a-e6ddcf104c35,c3ff4016-7d0b-46f6-bd88-128e61b5feb7,Withdrawal,-781.11,2025-08-30 10:02:56.610065,East much piece.,Rocha-Wheeler
2e4256f0-b389-43d7-afad-9b2a31c4e7cc,a66428d9-49c8-4750-8ee5-80084dc99497,Deposit,4180.51,2025-01-03 01:20:11.924099,Coach western.,
780d033a-706a-49fd-b398-3ae6ff76ad0c,a66428d9-49c8-4750-8ee5-80084dc99497,Transfer,3989.76,2025-10-16 20:22:46.671094,Enjoy whom choice.,
ef2132e7-8dfe-4664-8b31-d0d9c39d300a,a66428d9-49c8-4750-8ee5-80084dc99497,Transfer,3733.42,2025-10-15 03:49:36.362982,Movie national Republican.,
7ad1def6-0efb-4063-a747-5f2c28cb9001,a66428d9-49c8-4750-8ee5-80084dc99497,Withdrawal,-797.83,2025-03-01 08:12:29.205556,Arm instead.,Doyle-Thompson
20235965-9cc3-46ee-a8fb-9ae64e2dcbb8,a66428d9-49c8-4750-8ee5-80084dc99497,Deposit,2742.1,2025-05-16 03:27:00.065694,Message religious.,
5a0b6664-834f-482e-93b1-659759a0e9e0,a66428d9-49c8-4750-8ee5-80084dc99497,Withdrawal,-565.49,2025-07-17 10:27:11.268856,Oil take good government.,"Mitchell, Riley and Weiss"
d3f41bb8-4df9-4a83-b452-c5499407794c,a66428d9-49c8-4750-8ee5-80084dc99497,Payment,-536.25,2025-11-18 03:27:53.468886,Produce range executive.,"Nichols, Rodriguez and Ortiz"
54ba78c0-38a6-4492-b525-d8187c3049b6,a66428d9-49c8-4750-8ee5-80084dc99497,Payment,-524.63,2025-09-08 22:47:19.909307,Understand where hotel.,Cobb-Conner
2abbe158-07c1-4fe0-90de-3873b8ae12e2,a66428d9-49c8-4750-8ee5-80084dc99497,Transfer,1890.36,2025-07-19 18:01:44.853425,Especially series boy.,
521f39d9-8802-4b61-98f0-bd25e557109e,a66428d9-49c8-4750-8ee5-80084dc99497,Payment,-125.8,2025-04-08 22:00:01.465615,Point question.,Lopez and Sons
ce3c4155-8edd-420b-a70a-f2785cad288b,9c81a1b7-a5bf-4c49-aba1-e14ba93ae5af,Fee,-11.19,2024-12-14 13:20:00.329177,Bar act mention.,
722abc7e-ee6b-448b-8774-d6d5ffaf25c1,b9f075de-4fbf-4990-9660-496d6334a96f,Payment,-330.1,2025-03-13 12:57:58.549854,Bring life side.,Robertson LLC
0672f226-6066-499a-a93b-2d7c86c01ce3,b9f075de-4fbf-4990-9660-496d6334a96f,Payment,-9.03,2025-11-01 10:53:36.377579,Spring look.,"Krueger, Ware and Gallagher"
c250cf24-fba2-4a96-9692-2b383760afe8,01cfa8f4-ea59-4750-a224-06bda472e2fc,Fee,-43.36,2025-10-24 08:46:52.296865,Term site view mouth.,
af355f09-bb7f-4a87-8028-8c0998250695,01cfa8f4-ea59-4750-a224-06bda472e2fc,Transfer,2579.98,2025-10-01 09:13:36.542645,Decision painting.,
49d6ea8c-8f9f-47c9-9068-2044ae732f9c,01cfa8f4-ea59-4750-a224-06bda472e2fc,Transfer,502.32,2025-08-10 06:59:55.567096,Reflect reduce wife.,
0c4050a6-d7eb-4788-a3ea-1348a855a210,01cfa8f4-ea59-4750-a224-06bda472e2fc,Payment,-21.95,2025-11-21 18:35:40.906232,While blue indeed.,Harmon Group
ab1449c7-f30d-4278-a039-0ee287b7223f,01cfa8f4-ea59-4750-a224-06bda472e2fc,Withdrawal,-149.69,2025-04-01 11:38:52.166738,Discussion smile area.,Brown LLC
92bd5562-6b64-432a-ac26-5e2da8144b48,01cfa8f4-ea59-4750-a224-06bda472e2fc,Withdrawal,-664.81,2025-08-22 08:20:27.444735,Short movement success school.,Phillips-Gonzalez
c032d9f4-3403-43dd-b7da-6e10587e45b6,01cfa8f4-ea59-4750-a224-06bda472e2fc,Fee,-37.09,2025-11-01 02:15:50.683155,Theory very.,
3d08b025-511d-4c57-a0a3-0cca06210511,01cfa8f4-ea59-4750-a224-06bda472e2fc,Payment,-268.67,2025-05-15 16:48:04.226118,Scientist know still.,Swanson Inc
5574f639-0658-4f68-b33d-d6ecb16bece6,01cfa8f4-ea59-4750-a224-06bda472e2fc,Fee,-42.29,2025-10-28 11:41:06.289755,Most why.,
559e3c9d-514c-41a8-b595-f8e3457b088e,01cfa8f4-ea59-4750-a224-06bda472e2fc,Fee,-28.45,2025-10-02 20:55:26.224742,President whether media.,
e1bfb56b-7880-430b-9343-0675971b30a4,de84c0c5-b12e-45f5-9d93-d1814a3d82eb,Deposit,4436.21,2025-10-24 12:15:04.097685,Force within participant.,
09d321a5-bd7f-440d-9498-856fa2aaa9a4,de84c0c5-b12e-45f5-9d93-d1814a3d82eb,Fee,-18.6,2025-09-03 19:15:25.182811,Share television finally former.,
f3ba3029-b022-40bc-af83-331ada554e94,de84c0c5-b12e-45f5-9d93-d1814a3d82eb,Deposit,2831.58,2025-09-14 11:28:36.731938,Article class detail.,
ffb1bd93-9581-4ddd-a7aa-00a03a36ceb9,de84c0c5-b12e-45f5-9d93-d1814a3d82eb,Transfer,667.27,2025-03-02 14:29:14.825417,System cell machine.,
14382c4c-c643-4209-af48-807fc73beca2,de84c0c5-b12e-45f5-9d93-d1814a3d82eb,Withdrawal,-910.6,2025-01-02 00:59:47.646856,Pull health nation.,Martin-Clarke
98be5c47-42a7-4cde-865c-53095d19e7f6,de84c0c5-b12e-45f5-9d93-d1814a3d82eb,Fee,-45.75,2025-01-10 02:22:46.256404,Reflect about.,
0c31a26f-abf6-4a6b-9b5c-c373218202bb,de84c0c5-b12e-45f5-9d93-d1814a3d82eb,Payment,-921.48,2024-12-20 15:07:27.225787,Director appear throughout.,Sanders and Sons
a8374557-fd45-47d3-be78-b0884482889f,de84c0c5-b12e-45f5-9d93-d1814a3d82eb,Fee,-14.18,2024-12-31 11:20:52.321664,Win affect.,
3fc29073-8637-4cbd-ad3c-e0bf50009963,de84c0c5-b12e-45f5-9d93-d1814a3d82eb,Fee,-1.39,2025-02-03 07:48:00.894978,Arrive region.,
d19b1d29-f6c0-4389-9a37-2f18fdbe6a33,de84c0c5-b12e-45f5-9d93-d1814a3d82eb,Payment,-305.16,2025-02-13 23:54:54.308481,His conference.,Gilbert Inc
b03b5793-6e82-428c-921c-6190c4cf61eb,de84c0c5-b12e-45f5-9d93-d1814a3d82eb,Transfer,3967.9,2025-05-22 17:16:33.147712,Project conference.,
4bd75dfb-818d-4bfa-8da0-3c9ac17761d1,de84c0c5-b12e-45f5-9d93-d1814a3d82eb,Fee,-34.93,2025-08-10 05:25:08.698237,Note first.,
632728c3-d14f-4590-9602-9bfd0a664bc9,ae16846b-9984-4588-9bde-17dafa8b0a2d,Transfer,3963.93,2025-05-10 06:55:18.754955,Station worker list section.,
064bee5f-864c-41c8-a807-f6f643ba6444,b87312a2-a4ba-412c-8c70-5a2196ed25b5,Fee,-25.6,2025-03-29 23:57:39.084751,Avoid Mrs those stuff.,
e58d2ff3-b377-4b05-a298-c701955f6c5f,b87312a2-a4ba-412c-8c70-5a2196ed25b5,Fee,-48.36,2025-08-03 12:04:54.946082,Behavior.,
b7b0c15c-56b2-4b24-bea5-4de00260c353,b87312a2-a4ba-412c-8c70-5a2196ed25b5,Payment,-26.85,2025-02-27 05:49:50.106974,Bed best.,"Rodriguez, Cohen and Rollins"
e430318b-e07e-434b-bed4-785681e281f5,b87312a2-a4ba-412c-8c70-5a2196ed25b5,Withdrawal,-279.23,2025-07-29 14:35:45.464301,Nice however letter.,"Gordon, Harrington and Dillon"
4065500d-5839-4c0c-89f4-21290b7eb83f,b87312a2-a4ba-412c-8c70-5a2196ed25b5,Payment,-127.39,2025-01-31 08:15:24.487196,Democratic which.,Dennis-Mcguire
a84c3579-38f7-4a8c-a33a-1779db8e4ee2,b87312a2-a4ba-412c-8c70-5a2196ed25b5,Deposit,3403.25,2025-01-11 21:40:54.350979,While read including.,
8d68a27b-78b0-43ee-ab76-7566de1301cb,b87312a2-a4ba-412c-8c70-5a2196ed25b5,Transfer,727.0,2025-11-22 21:57:01.230860,Structure thus.,
e1735863-8a22-4bc4-8d29-39c10f0e131f,b87312a2-a4ba-412c-8c70-5a2196ed25b5,Payment,-32.01,2025-11-27 15:20:40.972552,Add what.,Gould-Andrews
310335ec-1a12-4ee5-ab4a-5244c2b75bf3,b87312a2-a4ba-412c-8c70-5a2196ed25b5,Payment,-912.86,2024-12-21 08:32:01.572923,Wind keep.,Russell-Gaines
5cc9acb4-d444-41bc-ab90-ec6c60a75042,b87312a2-a4ba-412c-8c70-5a2196ed25b5,Deposit,2222.42,2025-11-29 02:01:02.910561,Hard lawyer.,
a15cd8eb-60e1-4f36-9383-3e839a4fe13c,b87312a2-a4ba-412c-8c70-5a2196ed25b5,Fee,-17.51,2025-09-23 17:45:52.388851,Garden.,
f940f097-db8b-48f0-bad0-d9a7a9de9f35,b87312a2-a4ba-412c-8c70-5a2196ed25b5,Fee,-42.46,2025-04-27 00:24:13.495401,Whatever effort.,
e29ab3eb-bc3f-4373-a61e-83fe4262a9b1,b87312a2-a4ba-412c-8c70-5a2196ed25b5,Fee,-18.23,2025-08-30 03:16:30.214188,Page method.,
8d3e757e-fe65-46e5-8b7d-19cff0e992ca,b87312a2-a4ba-412c-8c70-5a2196ed25b5,Withdrawal,-688.48,2025-04-27 00:00:47.866189,Already film economic.,Becker-Thomas
93e4cc27-76ca-4b8e-887f-81dfe8f4b6cd,0a4de63a-2af1-4c70-93e5-c1b050b85f4c,Withdrawal,-875.33,2025-07-04 21:47:48.025591,Will.,Cox-Williamson
97281604-ba5c-4e43-b847-f240f0ae9f4c,0a4de63a-2af1-4c70-93e5-c1b050b85f4c,Payment,-162.23,2025-06-24 04:56:12.082548,Star court dog.,Gould-Weber
5bb25722-4e7f-4822-bde7-89a33f06e373,0a4de63a-2af1-4c70-93e5-c1b050b85f4c,Deposit,841.87,2025-07-18 00:48:37.602972,Similar capital idea.,
44fd1329-23fc-4dca-980b-65d8e489a8a9,0a4de63a-2af1-4c70-93e5-c1b050b85f4c,Transfer,3449.01,2025-11-28 12:23:42.839310,Support difference speech main.,
aa8236c5-ad32-4635-8fb2-6f95d32b9743,0a4de63a-2af1-4c70-93e5-c1b050b85f4c,Withdrawal,-638.62,2025-05-07 03:09:49.357834,Defense light.,Vincent Ltd
4866733a-5f97-4d8a-8308-f44e375a49c2,0a4de63a-2af1-4c70-93e5-c1b050b85f4c,Transfer,4862.14,2025-01-10 00:26:17.219282,Threat page finally.,
ffd2051d-6067-40dd-9b4b-4a60376b8e85,0a4de63a-2af1-4c70-93e5-c1b050b85f4c,Fee,-34.43,2025-06-05 02:53:21.342037,Expect class give.,
73ead9d6-83cd-42fe-b358-571afa7144a2,0a4de63a-2af1-4c70-93e5-c1b050b85f4c,Transfer,3936.18,2025-02-28 14:03:19.262361,Along beautiful floor.,
db6d1b0b-aee0-4bee-b8c0-b83435249890,0a4de63a-2af1-4c70-93e5-c1b050b85f4c,Deposit,3554.02,2025-02-10 23:26:26.236305,Protect foreign down.,
49253117-c469-4593-8247-633f407e2012,0a4de63a-2af1-4c70-93e5-c1b050b85f4c,Payment,-652.75,2025-02-04 19:03:15.241675,Common mission several.,Graves Group
b3c63a7f-a05e-4f26-80e2-2b936b784c1e,0a4de63a-2af1-4c70-93e5-c1b050b85f4c,Transfer,4746.68,2025-02-27 00:52:09.780116,Same Mrs.,
0feaf5be-1c8d-4cd4-86f8-cb3d57ebf179,0a4de63a-2af1-4c70-93e5-c1b050b85f4c,Fee,-26.16,2025-04-22 18:57:12.251465,Knowledge.,
f8119580-d1cf-4064-b3c6-9b59547eac72,3864cbd9-f13f-4ee4-a01e-0f4464d2b2ec,Fee,-43.62,2025-09-18 09:48:48.225332,Interview image.,
2e2faf2b-6787-457a-bbba-68acbd95f6b6,3864cbd9-f13f-4ee4-a01e-0f4464d2b2ec,Fee,-42.87,2024-12-22 16:13:26.584677,Film house fund.,
8832041b-c9bb-4871-b564-905bd97dbb03,3864cbd9-f13f-4ee4-a01e-0f4464d2b2ec,Deposit,3825.88,2025-04-07 02:29:41.872225,Social knowledge response.,
5cc84113-3d63-4808-8bdd-173506ba7130,3864cbd9-f13f-4ee4-a01e-0f4464d2b2ec,Transfer,3392.46,2025-11-30 22:08:51.997132,Another answer item.,
59c823b2-8f9a-4815-8974-53c91e687d07,3864cbd9-f13f-4ee4-a01e-0f4464d2b2ec,Withdrawal,-421.41,2025-09-29 22:25:35.041328,Character party treatment.,Cole Group
4fe9036e-2f3a-4bf9-8931-c16a10c15037,3864cbd9-f13f-4ee4-a01e-0f4464d2b2ec,Fee,-13.65,2025-04-19 00:03:31.359605,Kitchen explain.,
8ba3c8b5-bf9a-429c-85ad-a1d25782585f,42a7a586-b586-4ca2-b357-b722676a808c,Withdrawal,-498.67,2025-03-15 21:54:46.531547,Eight be.,"Blair, Jordan and Marsh"
4751be65-6829-4580-bbdc-351b31b52d5d,42a7a586-b586-4ca2-b357-b722676a808c,Fee,-28.3,2024-12-11 09:04:05.275888,Than peace.,
e90f9172-29be-423e-b66f-98eb80e66d9f,42a7a586-b586-4ca2-b357-b722676a808c,Fee,-22.85,2025-03-18 22:27:11.529532,Realize deep.,
69ac8cf5-2360-4932-8cba-afe677c25e1b,42a7a586-b586-4ca2-b357-b722676a808c,Deposit,129.51,2025-07-21 21:52:00.240787,Use remain difference.,
34829fe2-14ed-455f-af03-5adfd9d763c1,42a7a586-b586-4ca2-b357-b722676a808c,Transfer,230.04,2025-03-02 05:05:19.754414,Hair.,
6a89882d-d76c-453f-acd2-55a6f22580de,42a7a586-b586-4ca2-b357-b722676a808c,Transfer,2993.82,2025-08-01 07:11:13.863204,Enjoy drive.,
1ffab1d3-3c24-4173-af8f-e8eb78a1ce67,42a7a586-b586-4ca2-b357-b722676a808c,Transfer,1750.86,2025-07-14 12:14:50.407264,While hear.,
4eed7ec2-c6ac-4021-9b0f-db0a7e08b746,42a7a586-b586-4ca2-b357-b722676a808c,Transfer,1471.35,2025-03-14 09:23:57.489536,Able write.,
55996d7a-2e2f-41ee-bcd9-b9987eb2203e,42a7a586-b586-4ca2-b357-b722676a808c,Transfer,4266.7,2025-10-05 09:47:15.606692,Mrs address year thought.,
d4522274-d425-449a-ae2e-8978c179c3bf,42a7a586-b586-4ca2-b357-b722676a808c,Fee,-36.0,2025-05-26 20:10:33.458430,Cold.,
3f440768-9f6a-4bd2-b69b-47a77817904b,42a7a586-b586-4ca2-b357-b722676a808c,Fee,-32.79,2025-03-04 09:34:56.218759,Despite foot contain.,
ebbe8957-d11b-4c3b-bf57-5242618723d1,42a7a586-b586-4ca2-b357-b722676a808c,Fee,-46.92,2025-03-30 23:23:13.004993,Several democratic.,
1226679c-7d5b-478a-8f1c-4a587891349c,42a7a586-b586-4ca2-b357-b722676a808c,Withdrawal,-805.81,2025-09-14 05:28:38.780397,Environment effect around.,"Clark, Andersen and Rose"
007ee1d0-e50f-446d-a560-f9c4e0bd108c,aa9d638a-f10c-4390-98f0-05855cf2d432,Fee,-41.65,2025-08-19 13:32:39.212799,Understand mouth single.,
f805cb8a-2004-441f-8046-105111f12c5e,aa9d638a-f10c-4390-98f0-05855cf2d432,Payment,-289.37,2025-10-12 09:19:40.431900,Evidence court my fight.,Bryant Ltd
3e69e450-6b84-4674-b88b-724640cf7e8f,aa9d638a-f10c-4390-98f0-05855cf2d432,Withdrawal,-247.82,2025-01-02 20:34:53.525416,Woman avoid.,"Davis, Young and Dominguez"
a9ce6862-13c4-4f41-af84-03d9c1f022f1,aa9d638a-f10c-4390-98f0-05855cf2d432,Withdrawal,-782.97,2025-06-02 12:53:54.373324,Send make stage.,Bates Group
a1099009-a93f-47b8-8dd9-c5daf344edbf,aa9d638a-f10c-4390-98f0-05855cf2d432,Deposit,1110.99,2025-09-01 04:31:29.445819,Specific yet kid.,
3c39705a-9bc1-440a-aaa0-4c232ca8961f,b75e8dfc-ff7d-4eb1-8b8b-74316fbba163,Deposit,4221.02,2025-05-26 14:25:53.416734,Fight question debate.,
e445ba8a-0d51-4968-bd21-2bcd54acf129,b75e8dfc-ff7d-4eb1-8b8b-74316fbba163,Payment,-510.01,2025-03-24 14:04:43.207482,Air.,Hall-Mills
53bde294-01f4-4e92-90c9-e81450c81638,b75e8dfc-ff7d-4eb1-8b8b-74316fbba163,Payment,-759.52,2025-06-21 18:55:52.319477,Candidate change.,Porter-Bennett
33b67be5-13df-4571-8b00-ac0fef87c17b,b75e8dfc-ff7d-4eb1-8b8b-74316fbba163,Transfer,1552.07,2025-07-01 16:15:36.634131,Player water or call.,
09d92875-c5a8-4b96-ba41-3f42e4a0f71c,b75e8dfc-ff7d-4eb1-8b8b-74316fbba163,Deposit,3534.42,2024-12-31 17:36:01.639190,Pick girl.,
f655f772-a6a3-4821-bde4-37e43763f666,b75e8dfc-ff7d-4eb1-8b8b-74316fbba163,Transfer,479.06,2025-06-21 21:07:52.556175,Federal fill tell attack.,
b3fe5224-9fb0-498b-9a16-5724a51667a0,b75e8dfc-ff7d-4eb1-8b8b-74316fbba163,Withdrawal,-61.02,2025-02-07 03:47:41.935170,Black reality level.,Li and Sons
a12617a0-d152-4737-be6b-995a421eff77,b75e8dfc-ff7d-4eb1-8b8b-74316fbba163,Transfer,1782.23,2025-08-27 17:55:26.422419,Decision cover.,
6c785b00-3f6d-400d-b08f-1a0081711150,b75e8dfc-ff7d-4eb1-8b8b-74316fbba163,Withdrawal,-729.01,2025-09-05 18:21:07.263205,Someone foreign level.,Doyle-Fox
f4e0da0f-467b-4040-a649-293a651930ec,b75e8dfc-ff7d-4eb1-8b8b-74316fbba163,Fee,-17.13,2025-02-07 16:25:45.049868,Head position add.,
c71c2849-a4cb-4179-bbe5-9d29f0c213c6,b75e8dfc-ff7d-4eb1-8b8b-74316fbba163,Deposit,2703.56,2025-04-03 22:42:50.917849,Record according serious.,
99ca79ec-8a0b-493a-90ce-a165118f0c60,b75e8dfc-ff7d-4eb1-8b8b-74316fbba163,Transfer,213.92,2024-12-11 22:05:42.100392,Sport economic mission.,
7744025f-ee10-4947-966d-2a98058316e6,deda816e-9904-4dbe-807b-2ccd4a586092,Fee,-3.1,2025-04-11 12:44:41.618785,Century piece.,
a415846d-cee4-47a0-a9f5-48380112d24f,5dd136d5-db77-4770-a216-7449dbd8435b,Transfer,569.55,2025-09-21 01:11:08.470090,Question.,
4ab6d119-6248-4b92-affc-2873fbf52f44,5dd136d5-db77-4770-a216-7449dbd8435b,Payment,-801.52,2025-03-13 06:17:00.520015,Special unit.,"Jones, Carpenter and Adams"
8844421d-bbeb-4487-94a2-0a3c314ef87c,f4002f89-3da6-431e-8407-b50722814e5b,Payment,-647.08,2025-09-11 16:29:24.296044,Director simply create.,Garrett-Obrien
3367149c-1779-4f6c-b0fe-766fe1a4df6e,f4002f89-3da6-431e-8407-b50722814e5b,Withdrawal,-53.64,2025-06-04 02:44:15.599049,Charge picture western.,Carrillo-Smith
ae9aaabe-c329-42f0-b1e9-3be217769c4c,f2e9d979-5b67-470e-891a-3e2cf9fc448f,Deposit,2234.82,2025-07-22 14:50:07.224119,Another water garden.,
44735191-233c-4532-a513-7469ec78c1a0,f2e9d979-5b67-470e-891a-3e2cf9fc448f,Deposit,232.49,2025-02-19 00:07:44.086262,Impact character agreement.,
d52025a8-cfd1-4760-93e7-535c5e1bcda2,13805a68-eb3d-452a-ab5f-5310e496b14d,Fee,-19.8,2025-11-05 13:31:40.819109,Under discussion arm author.,
1118b54e-b2e9-4a1f-97d4-685c793dbdb6,13805a68-eb3d-452a-ab5f-5310e496b14d,Deposit,1368.98,2025-04-14 14:11:16.635365,Wear different there.,
b7a7ea76-788e-40ea-934d-13d51384fc17,13805a68-eb3d-452a-ab5f-5310e496b14d,Fee,-4.89,2025-02-26 05:39:22.227451,Allow occur.,
2cc15123-56a1-4872-9b6d-0d78e8838882,13805a68-eb3d-452a-ab5f-5310e496b14d,Withdrawal,-620.96,2025-10-12 09:51:35.754966,Single door black.,"Anderson, Clements and Leon"
ee73bf74-b206-4139-850b-c9bb97a50182,13805a68-eb3d-452a-ab5f-5310e496b14d,Deposit,3940.11,2025-04-26 02:31:48.740186,Build manage accept.,
a09fc399-e4bd-46bb-ab02-d0291a110efb,13805a68-eb3d-452a-ab5f-5310e496b14d,Payment,-931.88,2025-01-03 11:09:16.521891,Trip charge.,Decker-Padilla
44a7a45b-3b7f-41fc-a1d2-f46f03daed7a,13805a68-eb3d-452a-ab5f-5310e496b14d,Payment,-201.29,2025-02-18 18:46:06.072999,Huge boy law.,Bryant Inc
bc4964cd-e354-4fc0-b996-439ba87ddd49,13805a68-eb3d-452a-ab5f-5310e496b14d,Deposit,3694.67,2025-06-25 23:54:56.402599,Environment.,
4cf7db39-973c-4367-9608-8a39b83c0cc0,13805a68-eb3d-452a-ab5f-5310e496b14d,Payment,-326.83,2025-06-19 00:32:18.705676,Send red.,Allen-Hardin
a68ea19e-90e5-48de-9c3c-dbdbdf4f5ef4,13805a68-eb3d-452a-ab5f-5310e496b14d,Withdrawal,-972.01,2025-07-16 08:01:01.391569,Thousand reflect population.,Young-Hoffman
4ec19897-9ac2-46a0-97fa-ed28fcda8075,13805a68-eb3d-452a-ab5f-5310e496b14d,Fee,-11.65,2025-07-04 19:15:33.425042,Sort soon purpose.,
1871d0f1-aa6c-4cc9-93d8-d397093732fd,13805a68-eb3d-452a-ab5f-5310e496b14d,Withdrawal,-964.97,2024-12-19 09:43:46.922218,Really and.,Tran and Sons
32c9c176-fca9-44df-93f4-09d8fae4a1e4,f9bfabd0-3837-4f91-9673-4ca0762d16e2,Payment,-429.58,2025-10-20 03:23:01.034763,Sure hair option.,Cunningham-Jones
06d7c56a-7554-461b-a6cd-474fe2ffd5a6,f9bfabd0-3837-4f91-9673-4ca0762d16e2,Deposit,2908.44,2024-12-05 18:42:27.215600,Always change compare.,
e512ea33-f529-435b-ba4f-e9298c4a40fb,f9bfabd0-3837-4f91-9673-4ca0762d16e2,Deposit,685.21,2025-03-21 06:35:27.197008,Eye small dog.,
4f85d3ae-21ff-4725-a3a2-f376500fdb50,f9bfabd0-3837-4f91-9673-4ca0762d16e2,Transfer,3544.56,2025-05-06 01:35:00.266421,Step from.,
dea68982-70cf-4779-88f7-9f540c658aea,f9bfabd0-3837-4f91-9673-4ca0762d16e2,Fee,-23.09,2025-08-02 00:25:19.920092,Man design change.,
6b690b2a-d11a-49c0-af0c-4048eb2c87e8,f9bfabd0-3837-4f91-9673-4ca0762d16e2,Withdrawal,-260.26,2025-03-22 16:49:41.690131,Need collection fact page.,"Wilkins, Bailey and Gonzalez"
987a5964-a59f-47c5-8112-edfc691cc081,f9bfabd0-3837-4f91-9673-4ca0762d16e2,Transfer,2388.14,2025-05-11 03:39:56.153948,Eight care.,
eb173048-938a-4432-b66d-3ca10bfaf77e,f9bfabd0-3837-4f91-9673-4ca0762d16e2,Fee,-9.09,2025-06-01 01:34:18.327450,Nature leave.,
c93a0e99-6a7f-4de9-bced-33b4d75a33e6,f9bfabd0-3837-4f91-9673-4ca0762d16e2,Withdrawal,-942.75,2024-12-12 03:09:30.423293,Apply best than.,"Holmes, Nelson and Moore"
76f1a259-9c32-47bd-949e-18a095610875,f9bfabd0-3837-4f91-9673-4ca0762d16e2,Deposit,618.84,2024-12-20 15:27:58.232847,Drive need pressure.,
1d31714c-383c-475e-9175-7fa256378e6a,f9bfabd0-3837-4f91-9673-4ca0762d16e2,Transfer,2027.77,2025-04-20 22:29:16.463127,Very spring.,
